season,league_id,team,poule,rank,points,won,team_url,poule_url,standings_url
PBO Competitie 2007-2008,8D9B6019-A4A5-4667-82F7-CAA9F84ECF4A,LANDEGEM 1G,Gemengd - 3e provinciale C gemengd,1,23,True,https://www.toernooi.nl/sport/team.aspx?id=8D9B6019-A4A5-4667-82F7-CAA9F84ECF4A&team=116,https://www.toernooi.nl/sport/draw.aspx?id=8D9B6019-A4A5-4667-82F7-CAA9F84ECF4A&draw=16,https://www.toernooi.nl/sport/clubstandings.aspx?id=8D9B6019-A4A5-4667-82F7-CAA9F84ECF4A&cid=99
PBO Competitie 2007-2008,8D9B6019-A4A5-4667-82F7-CAA9F84ECF4A,LANDEGEM 1H,Heren - 3e provinciale B heren,1,21,True,https://www.toernooi.nl/sport/team.aspx?id=8D9B6019-A4A5-4667-82F7-CAA9F84ECF4A&team=33,https://www.toernooi.nl/sport/draw.aspx?id=8D9B6019-A4A5-4667-82F7-CAA9F84ECF4A&draw=5,https://www.toernooi.nl/sport/clubstandings.aspx?id=8D9B6019-A4A5-4667-82F7-CAA9F84ECF4A&cid=99
PBO jeugdcompetitie 2009-2010,89840EED-55BF-49F3-A0D8-222577FEC4BA,Landegem J2,MEISJES - ME -17,1,9,True,https://www.toernooi.nl/sport/team.aspx?id=89840EED-55BF-49F3-A0D8-222577FEC4BA&team=29,https://www.toernooi.nl/sport/draw.aspx?id=89840EED-55BF-49F3-A0D8-222577FEC4BA&draw=5,https://www.toernooi.nl/sport/clubstandings.aspx?id=89840EED-55BF-49F3-A0D8-222577FEC4BA&cid=3
PBO competitie 2010-2011,8DD792DD-D9CC-401E-969F-E62E17230FE8,LANDEGEM 2H,Heren - 4e Provinciale D,1,20,True,https://www.toernooi.nl/sport/team.aspx?id=8DD792DD-D9CC-401E-969F-E62E17230FE8&team=59,https://www.toernooi.nl/sport/draw.aspx?id=8DD792DD-D9CC-401E-969F-E62E17230FE8&draw=25,https://www.toernooi.nl/sport/clubstandings.aspx?id=8DD792DD-D9CC-401E-969F-E62E17230FE8&cid=20
PBO competitie 2010-2011,8DD792DD-D9CC-401E-969F-E62E17230FE8,LANDEGEM 1D,Dames - 2e Provinciale A,1,26,True,https://www.toernooi.nl/sport/team.aspx?id=8DD792DD-D9CC-401E-969F-E62E17230FE8&team=55,https://www.toernooi.nl/sport/draw.aspx?id=8DD792DD-D9CC-401E-969F-E62E17230FE8&draw=15,https://www.toernooi.nl/sport/clubstandings.aspx?id=8DD792DD-D9CC-401E-969F-E62E17230FE8&cid=20
PBO competitie 2010-2011,8DD792DD-D9CC-401E-969F-E62E17230FE8,LANDEGEM 1G,Gemengd - 3e Provinciale B,1,23,True,https://www.toernooi.nl/sport/team.aspx?id=8DD792DD-D9CC-401E-969F-E62E17230FE8&team=56,https://www.toernooi.nl/sport/draw.aspx?id=8DD792DD-D9CC-401E-969F-E62E17230FE8&draw=20,https://www.toernooi.nl/sport/clubstandings.aspx?id=8DD792DD-D9CC-401E-969F-E62E17230FE8&cid=20
PBO Competitie 2013-2014,051544C0-046F-41CB-9384-EE374E626890,Landegem 3H,Heren Competitie - 5e Provinciale A,1,27,True,https://www.toernooi.nl/sport/team.aspx?id=051544C0-046F-41CB-9384-EE374E626890&team=11,https://www.toernooi.nl/sport/draw.aspx?id=051544C0-046F-41CB-9384-EE374E626890&draw=12,https://www.toernooi.nl/sport/clubstandings.aspx?id=051544C0-046F-41CB-9384-EE374E626890&cid=2
PBO Competitie 2014-2015,EF6D253B-4410-4B4F-883D-48A61DDA350D,Landegem 3G,Gemengde Competitie - 4e provinciale C,1,22,True,https://www.toernooi.nl/sport/team.aspx?id=EF6D253B-4410-4B4F-883D-48A61DDA350D&team=120,https://www.toernooi.nl/sport/draw.aspx?id=EF6D253B-4410-4B4F-883D-48A61DDA350D&draw=23,https://www.toernooi.nl/sport/clubstandings.aspx?id=EF6D253B-4410-4B4F-883D-48A61DDA350D&cid=21
PBO Competitie 2014-2015,EF6D253B-4410-4B4F-883D-48A61DDA350D,Landegem 1H,Heren Competitie - 3e provinciale A,1,23,True,https://www.toernooi.nl/sport/team.aspx?id=EF6D253B-4410-4B4F-883D-48A61DDA350D&team=116,https://www.toernooi.nl/sport/draw.aspx?id=EF6D253B-4410-4B4F-883D-48A61DDA350D&draw=4,https://www.toernooi.nl/sport/clubstandings.aspx?id=EF6D253B-4410-4B4F-883D-48A61DDA350D&cid=21
PBO Competitie 2015-2016,2360CDE9-4A6F-4E50-BF49-E11F8B1D0772,Landegem 1G,Gemengde Competitie – 2e Provinciale – 2e Provinciale B,1,27,True,https://www.toernooi.nl/sport/team.aspx?id=2360CDE9-4A6F-4E50-BF49-E11F8B1D0772&team=145,https://www.toernooi.nl/sport/draw.aspx?id=2360CDE9-4A6F-4E50-BF49-E11F8B1D0772&draw=19,https://www.toernooi.nl/sport/clubstandings.aspx?id=2360CDE9-4A6F-4E50-BF49-E11F8B1D0772&cid=27
PBO competitie 2016-2017,F750AAD0-FB8C-4EFB-8A70-100EB0E153B0,Landegem 3H,Heren Competitie – 4e Provinciale – 4e Provinciale C,1,23,True,https://www.toernooi.nl/sport/team.aspx?id=F750AAD0-FB8C-4EFB-8A70-100EB0E153B0&team=101,https://www.toernooi.nl/sport/draw.aspx?id=F750AAD0-FB8C-4EFB-8A70-100EB0E153B0&draw=10,https://www.toernooi.nl/sport/clubstandings.aspx?id=F750AAD0-FB8C-4EFB-8A70-100EB0E153B0&cid=19
PBO competitie 2017-2018,ED453911-DC90-45C2-A237-41DFB01A6E38,Landegem 4H,Heren – 5de Provinciale – C,1,18,True,https://www.toernooi.nl/sport/team.aspx?id=ED453911-DC90-45C2-A237-41DFB01A6E38&team=16,https://www.toernooi.nl/sport/draw.aspx?id=ED453911-DC90-45C2-A237-41DFB01A6E38&draw=14,https://www.toernooi.nl/sport/clubstandings.aspx?id=ED453911-DC90-45C2-A237-41DFB01A6E38&cid=3
PBO competitie 2017-2018,ED453911-DC90-45C2-A237-41DFB01A6E38,Landegem 3G,Gemengde – 3de Provinciale – B,1,19,True,https://www.toernooi.nl/sport/team.aspx?id=ED453911-DC90-45C2-A237-41DFB01A6E38&team=13,https://www.toernooi.nl/sport/draw.aspx?id=ED453911-DC90-45C2-A237-41DFB01A6E38&draw=24,https://www.toernooi.nl/sport/clubstandings.aspx?id=ED453911-DC90-45C2-A237-41DFB01A6E38&cid=3
PBO competitie 2017-2018,ED453911-DC90-45C2-A237-41DFB01A6E38,Landegem 2G,Gemengde – 3de Provinciale – C,1,24,True,https://www.toernooi.nl/sport/team.aspx?id=ED453911-DC90-45C2-A237-41DFB01A6E38&team=11,https://www.toernooi.nl/sport/draw.aspx?id=ED453911-DC90-45C2-A237-41DFB01A6E38&draw=25,https://www.toernooi.nl/sport/clubstandings.aspx?id=ED453911-DC90-45C2-A237-41DFB01A6E38&cid=3
PBO competitie 2019-2020,CDACB157-6AA4-4B4C-B4F8-A207D9D43190,Landegem 2H,Heren – 3de Provinciale – B,1,11,True,https://www.toernooi.nl/sport/team.aspx?id=CDACB157-6AA4-4B4C-B4F8-A207D9D43190&team=77,https://www.toernooi.nl/sport/draw.aspx?id=CDACB157-6AA4-4B4C-B4F8-A207D9D43190&draw=17,https://www.toernooi.nl/sport/clubstandings.aspx?id=CDACB157-6AA4-4B4C-B4F8-A207D9D43190&cid=23
PBO competitie 2022-2023,F77C0BDF-25D4-4822-92BD-1078E58EEDC8,Landegem 2G (61),Gemengd – 2e Provinciale – A,1,23,True,https://www.toernooi.nl/sport/team.aspx?id=F77C0BDF-25D4-4822-92BD-1078E58EEDC8&team=28,https://www.toernooi.nl/sport/draw.aspx?id=F77C0BDF-25D4-4822-92BD-1078E58EEDC8&draw=19,https://www.toernooi.nl/sport/clubstandings.aspx?id=F77C0BDF-25D4-4822-92BD-1078E58EEDC8&cid=15
PBO competitie 2022-2023,F77C0BDF-25D4-4822-92BD-1078E58EEDC8,Landegem 1H (39),Heren – 1e Provinciale – A,1,25,True,https://www.toernooi.nl/sport/team.aspx?id=F77C0BDF-25D4-4822-92BD-1078E58EEDC8&team=103,https://www.toernooi.nl/sport/draw.aspx?id=F77C0BDF-25D4-4822-92BD-1078E58EEDC8&draw=5,https://www.toernooi.nl/sport/clubstandings.aspx?id=F77C0BDF-25D4-4822-92BD-1078E58EEDC8&cid=15
PBO competitie 2024-2025,890E3797-9743-41EE-9230-B3B51D08CEF4,Landegem 1D (51),Dames – 1e Provinciale – A,1,26,True,https://www.toernooi.nl/sport/team.aspx?id=890E3797-9743-41EE-9230-B3B51D08CEF4&team=180,https://www.toernooi.nl/sport/draw.aspx?id=890E3797-9743-41EE-9230-B3B51D08CEF4&draw=1,https://www.toernooi.nl/sport/clubstandings.aspx?id=890E3797-9743-41EE-9230-B3B51D08CEF4&cid=3
PBO competitie 2024-2025,890E3797-9743-41EE-9230-B3B51D08CEF4,Landegem 2G (72),Gemengd – 2e Provinciale – A,1,23,True,https://www.toernooi.nl/sport/team.aspx?id=890E3797-9743-41EE-9230-B3B51D08CEF4&team=125,https://www.toernooi.nl/sport/draw.aspx?id=890E3797-9743-41EE-9230-B3B51D08CEF4&draw=18,https://www.toernooi.nl/sport/clubstandings.aspx?id=890E3797-9743-41EE-9230-B3B51D08CEF4&cid=3
PBO Competitie 2025-2026,C3B7B9D5-902B-40B8-939B-30A14C01F5AC,Landegem 3H (56),Heren – 3e Provinciale – C,1,20,True,https://www.toernooi.nl/sport/team.aspx?id=C3B7B9D5-902B-40B8-939B-30A14C01F5AC&team=28,https://www.toernooi.nl/sport/draw.aspx?id=C3B7B9D5-902B-40B8-939B-30A14C01F5AC&draw=6,https://www.toernooi.nl/sport/clubstandings.aspx?id=C3B7B9D5-902B-40B8-939B-30A14C01F5AC&cid=14
PBO Competitie 2025-2026,C3B7B9D5-902B-40B8-939B-30A14C01F5AC,Landegem 3G (82),Gemengd – 3e Provinciale – B,1,16,True,https://www.toernooi.nl/sport/team.aspx?id=C3B7B9D5-902B-40B8-939B-30A14C01F5AC&team=112,https://www.toernooi.nl/sport/draw.aspx?id=C3B7B9D5-902B-40B8-939B-30A14C01F5AC&draw=22,https://www.toernooi.nl/sport/clubstandings.aspx?id=C3B7B9D5-902B-40B8-939B-30A14C01F5AC&cid=14
Vlaamse interclubcompetitie 2018-2019,100E1D95-372F-4BE7-B7B4-3CBDEAF7A95E,Landegem 1D,Dames – 3e Liga – A,1,22,True,https://www.toernooi.nl/sport/team.aspx?id=100E1D95-372F-4BE7-B7B4-3CBDEAF7A95E&team=66,https://www.toernooi.nl/sport/draw.aspx?id=100E1D95-372F-4BE7-B7B4-3CBDEAF7A95E&draw=18,https://www.toernooi.nl/sport/clubstandings.aspx?id=100E1D95-372F-4BE7-B7B4-3CBDEAF7A95E&cid=24
Vlaamse Competitie 2020-2021,0A3451A5-14C8-41AD-B73A-B58E469E7355,Landegem 1D,Dames – 3e Liga A,1,2,True,https://www.toernooi.nl/sport/team.aspx?id=0A3451A5-14C8-41AD-B73A-B58E469E7355&team=1,https://www.toernooi.nl/sport/draw.aspx?id=0A3451A5-14C8-41AD-B73A-B58E469E7355&draw=18,https://www.toernooi.nl/sport/clubstandings.aspx?id=0A3451A5-14C8-41AD-B73A-B58E469E7355&cid=1
Vlaamse interclubcompetitie 2021-2022,BD406AC5-DB29-4CD7-B8A6-5EDF9A9BCD37,Landegem 1G,Gemengd – 3e Liga – B,1,22,True,https://www.toernooi.nl/sport/team.aspx?id=BD406AC5-DB29-4CD7-B8A6-5EDF9A9BCD37&team=148,https://www.toernooi.nl/sport/draw.aspx?id=BD406AC5-DB29-4CD7-B8A6-5EDF9A9BCD37&draw=5,https://www.toernooi.nl/sport/clubstandings.aspx?id=BD406AC5-DB29-4CD7-B8A6-5EDF9A9BCD37&cid=54
Vlaamse interclubcompetitie 2024-2025,7A79EC4D-D9C5-4EF0-8466-03CF82E25DAE,Landegem 1G (48),Gemengd – 3e Liga – D,1,21,True,https://www.toernooi.nl/sport/team.aspx?id=7A79EC4D-D9C5-4EF0-8466-03CF82E25DAE&team=131,https://www.toernooi.nl/sport/draw.aspx?id=7A79EC4D-D9C5-4EF0-8466-03CF82E25DAE&draw=21,https://www.toernooi.nl/sport/clubstandings.aspx?id=7A79EC4D-D9C5-4EF0-8466-03CF82E25DAE&cid=46